/*1*/
insert into 
contact(contact,tel,apartment)
values("刘老头","1234","大米厂");

insert into 
goodsinfo(goodsname,source,place,number,price,catogory,contact)
values("大米","大连","威海",79,79.33,"农业产品","刘老头");

insert into 
eiinfo(goodsname,ei,contact)
values("大米","进货","刘老头");

/*2*/
insert into 
contact(contact,tel,apartment)
values("陈大元","1234","棉花厂");

insert into 
goodsinfo(goodsname,source,place,number,price,catogory,contact)
values("棉花","大连","威海",79,79.33,"农业产品","陈大元");

insert into 
eiinfo(goodsname,ei,contact)
values("棉花","进货","陈大元");

/* 3 */
insert into 
contact(contact,tel,apartment)
values("刘旭","1234","铝合金厂");

insert into 
goodsinfo(goodsname,source,place,number,price,catogory,contact)
values("铝合金","大连","威海",79,79.33,"金属材料","刘旭");

insert into 
eiinfo(goodsname,ei,contact)
values("铝合金","进货","刘旭");

/* 4 */
insert into 
contact(contact,tel,apartment)
values("杨旭","1234","石灰厂");

insert into 
goodsinfo(goodsname,source,place,number,price,catogory,contact)
values("生石灰","大连","威海",79,79.33,"化工材料","杨旭");

insert into 
eiinfo(goodsname,ei,contact)
values("生石灰","出货","杨旭");

/* 5 */
insert into 
contact(contact,tel,apartment)
values("刘能","1234","螺丝刀厂");

insert into 
goodsinfo(goodsname,source,place,number,price,catogory,contact)
values("螺丝刀","大连","威海",79,79.33,"机电五金","刘能");

insert into 
eiinfo(goodsname,ei,contact)
values("螺丝刀","进货","刘能");

/* 6 */
insert into 
contact(contact,tel,apartment)
values("孟美岐","1234","宝马厂");

insert into 
goodsinfo(goodsname,source,place,number,price,catogory,contact)
values("宝马","大连","威海",79,79.33,"车辆配件","孟美岐");

insert into 
eiinfo(goodsname,ei,contact)
values("宝马","进货","孟美岐");

/* 7 */
insert into 
contact(contact,tel,apartment)
values("yamy","1234","鲨鱼厂");

insert into 
goodsinfo(goodsname,source,place,number,price,catogory,contact)
values("鲨鱼","大连","威海",79,79.33,"金属材料","yamy");

insert into 
eiinfo(goodsname,ei,contact)
values("鲨鱼","进货","yamy");

/* 8 */
insert into 
contact(contact,tel,apartment)
values("鲍思佳","1234","砖头厂");

insert into 
goodsinfo(goodsname,source,place,number,price,catogory,contact)
values("砖头","大连","威海",79,79.33,"建筑材料","鲍思佳");

insert into 
eiinfo(goodsname,ei,contact)
values("砖头","进货","鲍思佳");

/* 9 */
insert into 
contact(contact,tel,apartment)
values("马薇薇","1234","轮胎厂");

insert into 
goodsinfo(goodsname,source,place,number,price,catogory,contact)
values("轮胎","大连","威海",79,79.33,"车辆配件","马薇薇");

insert into 
eiinfo(goodsname,ei,contact)
values("轮胎","进货","马薇薇");

/* 9 */
insert into 
contact(contact,tel,apartment)
values("马东","1234","轮胎厂");

insert into 
goodsinfo(goodsname,source,place,number,price,catogory,contact)
values("轮胎","大连","威海",79,79.33,"车辆配件","马东");

insert into 
eiinfo(goodsname,ei,contact)
values("轮胎","进货","马东");

/*10*/







